CRIM,ZN,INDUS,CHAS,NOX,RM,AGE,DIS,RAD,TAX,PTRATIO,B,LSTAT,MEDV
0.006300112548479854,2.9444389791664403,2.31,0,0.538,6.575,65.2,4.09,1,296.0,15.3,0.0,1.7884205679625405,24.0
0.026943735447546184,0.0,7.07,0,0.469,6.421,78.9,4.9671,2,242.0,17.8,0.0,2.316487998163037,21.6
0.026924266937859983,0.0,7.07,0,0.469,7.185,61.1,4.9671,2,242.0,17.8,1.6233408176030903,1.6154199841116479,34.7
0.031857129935659596,0.0,2.18,0,0.458,6.998,45.8,6.0622,3,222.0,18.7,1.1847899849091565,1.3711807233098425,33.4
0.06677040363385237,0.0,2.18,0,0.458,7.147,54.2,6.0622,3,222.0,18.7,0.0,1.8453002361560848,36.2
0.029413160568349615,0.0,2.18,0,0.458,6.43,58.7,6.0622,3,222.0,18.7,1.329724009631489,1.8261608959453874,28.7
0.08460765703482563,2.6026896854443837,7.87,0,0.524,6.012,66.6,5.5605,5,311.0,15.2,0.8329091229350842,2.5974910105351463,22.9
0.13501154665587695,2.6026896854443837,7.87,0,0.524,6.172,96.1,5.9505,5,311.0,15.2,0.0,3.0032042883926917,27.1
0.19164462825480602,2.6026896854443837,7.87,0,0.524,5.631,100.0,6.0821,5,311.0,15.2,2.4221443280516834,3.4317265866969784,16.5
0.15703793625945525,2.6026896854443837,7.87,0,0.524,6.004,85.9,6.5921,5,311.0,15.2,2.4150205223238337,2.89591193827178,18.9
0.20285104404642812,2.6026896854443837,7.87,0,0.524,6.377,94.3,6.3467,5,311.0,15.2,1.6826883741736922,3.065724645374026,15.0
0.11106720150765238,2.6026896854443837,7.87,0,0.524,6.009,82.9,6.2267,5,311.0,15.2,0.0,2.658159431488745,18.9
0.08963958688495932,2.6026896854443837,7.87,0,0.524,5.889,39.0,5.4509,5,311.0,15.2,2.001480000210121,2.8160073426073025,21.7
0.48843276471410274,0.0,8.14,0,0.538,5.949,61.8,4.7075,4,307.0,21.0,0.0,2.225704048658088,20.4
0.493451565108284,0.0,8.14,0,0.538,6.096,84.5,4.4619,4,307.0,21.0,2.8836827697453677,2.421256622711544,18.2
0.4869775044907406,0.0,8.14,0,0.538,5.834,56.5,4.4986,4,307.0,21.0,0.8241754429663375,2.248128907197987,19.9
0.719755031081429,0.0,8.14,0,0.538,5.935,29.3,4.4986,4,307.0,21.0,2.4024304279637576,2.0255131996542803,23.1
0.5789701354975461,0.0,8.14,0,0.538,5.99,81.7,4.2579,4,307.0,21.0,2.4114394979061258,2.7517480563679295,17.5
0.5892910882451726,0.0,8.14,0,0.538,5.456,36.6,3.7965,4,307.0,21.0,4.690521853087595,2.540814281726296,20.2
0.5456907110920701,0.0,8.14,0,0.538,5.727,69.5,3.7965,4,307.0,21.0,1.938741659576699,2.5079719227189963,18.2
0.8117254554853013,0.0,8.14,0,0.538,5.57,98.1,3.7979,4,307.0,21.0,3.0601145324832584,3.091951131294534,13.6
0.6162877342628865,0.0,8.14,0,0.538,5.965,89.2,4.0123,4,307.0,21.0,1.6808279085207742,2.696652156149841,19.6
0.8031085958282843,0.0,8.14,0,0.538,6.142,91.7,3.9769,4,307.0,21.0,0.0,2.9816333491744893,15.2
0.6873453826321089,0.0,8.14,0,0.538,5.813,100.0,4.0952,4,307.0,21.0,1.2119409739751,3.038791763014438,14.5
0.5597643483283525,0.0,8.14,0,0.538,5.924,94.1,4.3996,4,307.0,21.0,1.2725655957915458,2.8507065015037334,15.6
0.6100590068254429,0.0,8.14,0,0.538,5.599,85.7,4.4546,4,307.0,21.0,4.548388171889107,2.8627721462977607,13.9
0.5139666854625483,0.0,8.14,0,0.538,5.813,90.3,4.682,4,307.0,21.0,3.045474365448804,2.7606426512213806,16.6
0.6707839777866772,0.0,8.14,0,0.538,6.047,88.8,4.4534,4,307.0,21.0,4.5165575276314875,2.905807566026004,14.8
0.5726673869182406,0.0,8.14,0,0.538,6.495,94.4,4.4547,4,307.0,21.0,2.2985770715965046,2.624668592163159,18.4
0.6943714308596382,0.0,8.14,0,0.538,6.674,87.3,4.239,4,307.0,21.0,2.8718682863316025,2.563409711275944,21.0
0.7565021891227188,0.0,8.14,0,0.538,5.713,94.1,4.233,4,307.0,21.0,3.630455533976218,3.1612467120315646,12.7
0.8564218244336657,0.0,8.14,0,0.538,6.072,100.0,4.175,4,307.0,21.0,3.052585085146772,2.641910398597665,14.5
0.8704520079168975,0.0,8.14,0,0.538,5.95,82.0,3.99,4,307.0,21.0,5.107762004826978,3.3572454941329726,13.2
0.7662675223101358,0.0,8.14,0,0.538,5.701,95.0,3.7872,4,307.0,21.0,3.6668894362223208,2.962692419475791,13.1
0.9604300978281596,0.0,8.14,0,0.538,6.096,96.9,3.7598,4,307.0,21.0,5.007898218386369,3.060583245873607,13.5
0.06219515259296706,0.0,5.96,0,0.499,5.933,68.2,3.3603,5,279.0,19.2,0.0,2.3683728335320486,18.9
0.0929801947688742,0.0,5.96,0,0.499,5.841,61.4,3.3779,5,279.0,19.2,3.0125893906204126,2.5185025992165158,20.0
0.07709066236456355,0.0,5.96,0,0.499,5.85,41.5,3.9342,5,279.0,19.2,0.0,2.2793164660546914,21.0
0.1613106998822503,0.0,5.96,0,0.499,5.966,30.2,3.8473,5,279.0,19.2,1.497388408625471,2.4096441652874536,24.7
0.02725518006645146,4.330733340286331,2.95,0,0.428,6.595,21.8,5.4011,3,252.0,18.3,0.8197798314933032,1.6714733033535532,30.8
0.03303817907679737,4.330733340286331,2.95,0,0.428,7.024,15.8,5.4011,3,252.0,18.3,0.8241754429663375,1.091923300517313,34.9
0.11994957590111856,0.0,6.91,0,0.448,6.77,2.9,5.7209,3,233.0,17.9,2.5249283241374827,1.7647307968401356,26.6
0.13234318698771316,0.0,6.91,0,0.448,6.169,6.6,5.7209,3,233.0,17.9,2.67621547758219,1.918392120161421,25.3
0.14786812872457536,0.0,6.91,0,0.448,6.211,6.5,5.7209,3,233.0,17.9,1.2354714713853063,2.132982308607866,24.7
0.11572759134397043,0.0,6.91,0,0.448,6.069,40.0,5.7209,3,233.0,17.9,2.1412419425852818,2.3561258599220753,21.2
0.15821668811495349,0.0,6.91,0,0.448,5.682,33.8,5.1004,3,233.0,17.9,0.0,2.4168062370840686,19.3
0.17257420533907458,0.0,6.91,0,0.448,5.786,33.3,5.1004,3,233.0,17.9,0.0,2.7180005319553784,20.0
0.20642049726093953,0.0,6.91,0,0.448,6.03,85.5,5.6894,3,233.0,17.9,1.6409365794934652,2.9856819377004897,16.6
0.2262347685752403,0.0,6.91,0,0.448,5.399,95.3,5.87,3,233.0,17.9,0.0,3.4597807057610526,14.4
0.1986623163820069,0.0,6.91,0,0.448,5.602,62.0,6.0877,3,233.0,17.9,0.0,2.8449093838194073,19.4
0.0850118793258392,3.091042453358316,5.64,0,0.439,5.963,45.7,6.8147,4,243.0,16.8,0.8501509293695994,2.670694414558441,19.7
0.04245585903639239,3.091042453358316,5.64,0,0.439,6.115,63.0,6.8147,4,243.0,16.8,1.3686394258811572,2.344686269012681,20.5
0.05221287144693424,3.091042453358316,5.64,0,0.439,6.511,21.1,6.8147,4,243.0,16.8,0.0,1.8373699804801074,25.0
0.04860919541462225,3.091042453358316,5.64,0,0.439,5.998,21.4,6.8147,4,243.0,16.8,0.0,2.2438960966453663,23.4
0.013508350024792243,4.330733340286331,4.0,0,0.41,5.888,47.6,7.3197,3,469.0,21.1,0.0,2.760009940032921,18.9
0.013024807722689456,4.51085950651685,1.22,0,0.403,7.249,21.9,8.6966,5,226.0,17.9,0.6780335427498821,1.7595805708638197,35.4
0.02034169765791456,4.454347296253507,0.74,0,0.41,6.383,35.7,9.1876,2,313.0,17.3,0.0,1.9125010869241836,24.7
0.0142184372375555,4.61512051684126,1.32,0,0.411,6.816,40.5,8.3248,5,256.0,15.1,1.6094379124341003,1.599387576580599,31.6
0.1436240400828755,3.258096538021482,5.13,0,0.453,6.145,29.2,7.8148,8,284.0,19.7,1.9768549529047308,2.061786606441115,23.3
0.09828756118394519,3.258096538021482,5.13,0,0.453,5.927,47.2,6.932,8,284.0,19.7,0.0,2.3243465847755584,19.6
0.13917046313797143,3.258096538021482,5.13,0,0.453,5.741,66.2,7.2254,8,284.0,19.7,1.0260415958332612,2.649714624089247,18.7
0.15846422026338805,3.258096538021482,5.13,0,0.453,5.966,93.4,6.8185,8,284.0,19.7,2.9866915289018414,2.73696154459663,16.0
0.1046032289886448,3.258096538021482,5.13,0,0.453,6.456,67.8,7.2255,8,284.0,19.7,0.0,2.0451088625993306,22.2
0.11911548089016206,3.258096538021482,5.13,0,0.453,6.762,43.4,7.9809,8,284.0,19.7,0.8415671856782156,2.3513752571634776,25.0
0.019322119714037037,2.917770732084279,1.38,0,0.4161,7.104,59.5,9.2229,3,216.0,18.6,1.5390154481375478,2.2027647577118348,33.0
0.03521269175574247,4.394449154672439,3.37,0,0.398,6.29,17.8,6.6115,4,337.0,16.1,0.0,1.7351891177396608,23.5
0.042858319801900656,4.394449154672439,3.37,0,0.398,5.787,31.1,6.6115,4,337.0,16.1,0.0,2.419478844465545,19.4
0.05627635827662477,2.6026896854443837,6.07,0,0.409,5.878,21.4,6.498,4,345.0,18.9,0.5247285289349808,2.2082744135228043,22.0
0.1271083087153749,2.6026896854443837,6.07,0,0.409,5.594,36.8,6.498,4,345.0,18.9,0.0,2.645465325910589,17.4
0.1205879869885934,2.6026896854443837,6.07,0,0.409,5.885,33.0,6.498,4,345.0,18.9,0.0,2.281361456542419,20.9
0.08458009047306331,0.0,10.81,0,0.413,6.417,6.6,5.2873,4,305.0,19.2,2.651127053702586,2.0438143640366846,24.2
0.14735046784990224,0.0,10.81,0,0.413,5.961,17.5,5.2873,4,305.0,19.2,3.0426158594528405,2.3869262414277967,21.7
0.08768115263983375,0.0,10.81,0,0.413,6.065,7.8,5.2873,4,305.0,19.2,1.9444805562457121,1.8748743759385615,22.8
0.17847249197232393,0.0,10.81,0,0.413,6.245,6.2,5.2873,4,305.0,19.2,3.031581926447686,2.1447610078004784,23.4
0.07599761422646512,0.0,12.83,0,0.437,6.273,6.0,4.2515,5,398.0,18.7,1.0919233005173001,2.0515563381903004,24.1
0.09086394630511975,0.0,12.83,0,0.437,6.286,45.0,4.5026,5,398.0,18.7,2.6858045921548874,2.2965670206684825,21.4
0.09670012247721363,0.0,12.83,0,0.437,6.279,74.5,4.0522,5,398.0,18.7,3.188004161201112,2.5626389983283526,20.0
0.08348600348975033,0.0,12.83,0,0.437,6.14,45.8,4.0905,5,398.0,18.7,2.3924257969938347,2.422144328051685,20.8
0.054923696495899246,0.0,12.83,0,0.437,6.232,53.7,5.0141,5,398.0,18.7,2.4423470353692043,2.590767040487478,21.2
0.08053796962647085,0.0,12.83,0,0.437,5.874,36.6,4.5026,5,398.0,18.7,0.6097655716208806,2.312535423847214,20.3
0.04030666175913415,3.258096538021482,4.86,0,0.426,6.727,33.5,5.4007,4,281.0,19.0,0.0,1.8389610707123492,28.0
0.043653182921403064,3.258096538021482,4.86,0,0.426,6.619,70.4,5.4007,4,281.0,19.0,0.8197798314933032,2.1065702090680882,23.9
0.03593647980430559,3.258096538021482,4.86,0,0.426,6.302,32.2,5.4007,4,281.0,19.0,0.0,2.0438143640366846,24.8
0.03489405897732069,3.258096538021482,4.86,0,0.426,6.167,46.7,5.4007,4,281.0,19.0,1.9823798288367034,2.1412419425852827,22.9
0.04935191112196916,0.0,4.49,0,0.449,6.389,48.0,4.7794,3,247.0,18.5,0.0,2.362739015813793,23.9
0.055765777905857246,0.0,4.49,0,0.449,6.63,56.1,4.4377,3,247.0,18.5,1.7227665977410975,2.018895041811802,26.6
0.050579039368154076,0.0,4.49,0,0.449,6.015,45.1,4.4272,3,247.0,18.5,0.6471032420585219,2.6290069937617573,22.5
0.06906886859909778,0.0,4.49,0,0.449,6.121,56.8,3.7476,3,247.0,18.5,1.0116009116784799,2.244955980157409,22.2
0.0550562057480784,0.0,3.41,0,0.489,7.007,86.3,3.4217,2,270.0,17.8,0.0,1.8718021769015913,23.6
0.051662226323793706,0.0,3.41,0,0.489,7.079,63.1,3.4145,2,270.0,17.8,0.6097655716208806,1.9021075263969205,28.7
0.0457761026365836,0.0,3.41,0,0.489,6.417,66.1,3.0923,2,270.0,17.8,1.7439688053917013,2.2834022735772717,22.6
0.038566653148816674,0.0,3.41,0,0.489,6.405,73.9,3.0921,2,270.0,17.8,1.4701758451005849,2.2192034840549946,22.0
0.0411707337036766,3.367295829986474,15.04,0,0.464,6.442,53.6,3.6659,4,270.0,18.2,1.061256502124336,2.214846178686039,22.9
0.028344473009142515,3.367295829986474,15.04,0,0.464,6.211,28.9,3.6659,4,270.0,18.2,0.45107561936021234,1.9754689512968577,25.0
0.04204364799767933,3.367295829986474,15.04,0,0.464,6.249,77.3,3.615,4,270.0,18.2,0.0,2.4501426573516603,20.6
0.11514845708892209,0.0,2.89,0,0.445,6.625,57.8,3.4952,2,276.0,18.0,3.6868774514432623,2.0347056478384444,28.4
0.10889027870807165,0.0,2.89,0,0.445,6.163,69.6,3.4952,2,276.0,18.0,1.8033586050714057,2.5128460184772416,21.4
0.11406948227773037,0.0,2.89,0,0.445,8.069,76.0,3.4952,2,276.0,18.0,0.0,1.6505798557652755,38.7
0.0786910253316489,0.0,2.89,0,0.445,7.82,36.9,3.4952,2,276.0,18.0,1.4747630091075,1.5195132049061133,43.8
0.06634938054153391,0.0,2.89,0,0.445,7.416,62.5,3.4952,2,276.0,18.0,0.0,1.9726911717329554,33.2
0.13859604559025773,0.0,8.56,0,0.52,6.727,79.9,2.7778,5,384.0,20.9,1.1442227999201577,2.343727036325221,27.5
0.10824435339763891,0.0,8.56,0,0.52,6.781,71.3,2.8561,5,384.0,20.9,0.8415671856782156,2.1598687907924505,26.5
0.20600553079810677,0.0,8.56,0,0.52,6.405,85.4,2.7147,5,384.0,20.9,5.790265934544338,2.453587966530573,18.6
0.19195005368591092,0.0,8.56,0,0.52,6.137,87.4,2.7147,5,384.0,20.9,1.232560261177834,2.67000213346468,19.3
0.1306773236416162,0.0,8.56,0,0.52,6.167,90.0,2.421,5,384.0,20.9,1.6505798557652716,2.5900171341906173,20.1
0.12453353302656035,0.0,8.56,0,0.52,5.851,96.7,2.1069,5,384.0,20.9,1.348073148299684,2.8604851241459652,19.5
0.15802886422491005,0.0,8.56,0,0.52,5.836,91.9,2.211,5,384.0,20.9,0.8020015854720101,2.9785861147190205,19.5
0.12325249529930257,0.0,8.56,0,0.52,6.127,85.2,2.1224,5,384.0,20.9,2.323367632176572,2.7140322727797574,20.4
0.12046388341513765,0.0,8.56,0,0.52,6.474,97.1,2.4329,5,384.0,20.9,0.9783261227935958,2.5855058483441162,19.8
0.23398853135437192,0.0,8.56,0,0.52,6.229,91.2,2.5451,5,384.0,20.9,1.8976198599275262,2.806386101823072,19.4
0.1024934094340411,0.0,8.56,0,0.52,6.195,54.4,2.7778,5,384.0,20.9,1.4838746894587473,2.6390573296152584,21.7
0.09607352474606409,0.0,10.01,0,0.547,6.715,81.6,2.6775,6,432.0,17.8,0.8372475245337031,2.412335956953165,22.8
0.11626187928444467,0.0,10.01,0,0.547,5.913,92.9,2.3534,6,432.0,17.8,1.0818051703517246,2.845490610223448,18.8
0.20058705560079915,0.0,10.01,0,0.547,6.092,95.4,2.548,6,432.0,17.8,0.0,2.895359299407204,18.7
0.13305252798715148,0.0,10.01,0,0.547,6.254,84.2,2.2565,6,432.0,17.8,2.2148461786860354,2.4379897300002487,18.5
0.15814839260023486,0.0,10.01,0,0.547,5.928,88.2,2.4631,6,432.0,17.8,3.9701032165046697,2.818995095053937,18.3
0.12361488619930212,0.0,10.01,0,0.547,6.176,72.5,2.7301,6,432.0,17.8,1.5260563034950418,2.5680215564985067,21.2
0.1406137533941644,0.0,10.01,0,0.547,6.021,82.6,2.7474,6,432.0,17.8,1.2208299213923548,2.424802725718295,19.2
0.12273077538031703,0.0,10.01,0,0.547,5.872,73.1,2.4775,6,432.0,17.8,4.082103275799747,2.7954503913830435,20.4
0.13519500804868875,0.0,10.01,0,0.547,5.731,65.2,2.7592,6,432.0,17.8,1.8562979903656227,2.681706225762608,19.3
0.06671427746220379,0.0,25.65,0,0.581,5.87,69.7,2.2577,2,188.0,19.1,2.169053700369523,2.7324175575505043,22.0
0.06919951680100443,0.0,25.65,0,0.581,6.004,84.1,2.1974,2,188.0,19.1,3.007166651179652,2.725890119230541,20.3
0.08891706002171539,0.0,25.65,0,0.581,5.961,92.9,2.0869,2,188.0,19.1,2.98618686071046,2.9407479652212314,20.5
0.14009232257621806,0.0,25.65,0,0.581,5.856,97.0,1.9444,2,188.0,19.1,3.3174533882291937,3.273742726309041,17.3
0.09393650947837956,0.0,25.65,0,0.581,5.879,95.8,2.0063,2,188.0,19.1,2.918851229218032,2.922085733385692,18.8
0.15616579098344338,0.0,25.65,0,0.581,5.986,88.4,1.9929,2,188.0,19.1,2.555675720676207,2.7606426512213806,21.4
0.3273954526862417,0.0,25.65,0,0.581,5.613,95.6,1.7572,2,188.0,19.1,3.653511310276144,3.3414473772563813,15.7
0.23043689014167512,0.0,21.89,0,0.624,5.693,96.0,1.7883,4,437.0,21.2,1.7561322915848976,2.900871992530031,16.2
0.2817369350921532,0.0,21.89,0,0.624,6.431,98.8,1.8125,4,437.0,21.2,0.0,2.7966713927557385,18.0
0.6319364495150488,0.0,21.89,0,0.624,5.637,94.7,1.9799,4,437.0,21.2,0.0,2.9621754900251482,14.3
0.29271438907980246,0.0,21.89,0,0.624,6.458,98.9,2.1185,4,437.0,21.2,1.0508216248317461,2.6100697927420065,19.2
0.7852431092803437,0.0,21.89,0,0.624,6.326,97.7,2.271,4,437.0,21.2,0.0,2.5847519847577165,19.6
0.46376546227858856,0.0,21.89,0,0.624,6.372,97.9,2.3274,4,437.0,21.2,2.496505785631351,2.4948569806411682,23.0
0.2850435947287374,0.0,21.89,0,0.624,5.822,95.4,2.4699,4,437.0,21.2,2.2202898502672133,2.7744619666214616,18.4
0.6811606280137663,0.0,21.89,0,0.624,5.757,98.4,2.346,4,437.0,21.2,4.906311278124028,2.907447358686419,15.6
0.44326173080273074,0.0,21.89,0,0.624,6.335,98.2,2.1107,4,437.0,21.2,1.1724821372345533,2.8881470628740535,18.1
0.2796297392609525,0.0,21.89,0,0.624,5.942,93.5,1.9669,4,437.0,21.2,2.978077338315269,2.884800712846709,17.4
0.3018290306776389,0.0,21.89,0,0.624,6.454,98.4,1.8498,4,437.0,21.2,1.340250422618482,2.7466296830696852,17.1
0.22298353851284425,0.0,21.89,0,0.624,5.857,98.2,1.6686,4,437.0,21.2,1.768149603588914,3.1054831375131102,13.3
0.43471318246714963,0.0,21.89,0,0.624,6.151,97.9,1.6687,4,437.0,21.2,0.0,2.968361076757859,17.8
0.2553396495305266,0.0,21.89,0,0.624,6.174,93.6,1.6119,4,437.0,21.2,2.284421122366374,3.22525543183224,14.0
0.9664666021758896,0.0,21.89,0,0.624,5.019,100.0,1.4394,4,437.0,21.2,0.0,3.566994266123812,14.4
1.4634984282783583,0.0,19.58,1,0.871,5.403,100.0,1.3216,5,403.0,14.7,0.0,3.325755186495297,13.4
1.6287306058145095,0.0,19.58,0,0.871,5.468,100.0,1.4118,5,403.0,14.7,0.0,3.3112726741341683,15.6
1.3296552241970494,0.0,19.58,0,0.871,4.903,97.8,1.3459,5,403.0,14.7,0.0,3.410817625039146,11.8
1.2176804241557975,0.0,19.58,0,0.871,6.13,100.0,1.4191,5,403.0,14.7,5.416055956772292,3.3603753871419,13.8
1.1490043437281394,0.0,19.58,0,0.871,5.628,100.0,1.5166,5,403.0,14.7,5.432104976346135,2.8707357833793057,15.6
1.2145031649491107,0.0,19.58,0,0.871,4.926,95.7,1.4608,5,403.0,14.7,1.8229350866965044,3.4187098067467865,14.6
1.2032695571055652,0.0,19.58,0,0.871,5.186,93.8,1.5296,5,403.0,14.7,3.7113745319413063,3.3782698770184507,17.8
1.317472010807663,0.0,19.58,0,0.871,5.597,94.9,1.5257,5,403.0,14.7,3.8297277627013147,3.1112906141882632,15.4
0.977047109716266,0.0,19.58,0,0.871,6.122,97.3,1.618,5,403.0,14.7,3.2228678461377367,2.714694743820879,21.5
0.9148176474178114,0.0,19.58,0,0.871,5.404,100.0,1.5916,5,403.0,14.7,4.030694535145644,2.658859956911438,19.6
0.754515055507092,0.0,19.58,1,0.871,5.012,88.0,1.6102,5,403.0,14.7,4.000400116045559,2.574137783515943,15.3
1.1471421014887528,0.0,19.58,0,0.871,5.709,98.5,1.6232,5,403.0,14.7,4.9122871710784795,2.8207834710894493,19.4
0.8812229832136547,0.0,19.58,1,0.871,6.129,96.0,1.7494,5,403.0,14.7,4.342245764662037,2.780060737078482,17.0
1.5118272886363335,0.0,19.58,1,0.871,6.152,82.6,1.7455,5,403.0,14.7,5.736217395799363,2.7738379416402132,15.6
1.2374114488766446,0.0,19.58,0,0.871,5.272,94.0,1.7364,5,403.0,14.7,5.734214681776403,2.8414149131696336,13.1
0.7991185096332698,0.0,19.58,0,0.605,6.943,97.4,1.8773,5,403.0,14.7,3.540089380528773,1.7209792871670078,41.3
0.8513638686748988,0.0,19.58,0,0.605,6.066,100.0,1.7573,5,403.0,14.7,3.7844168808229997,2.005525858729668,24.3
0.8858397717781171,0.0,19.58,0,0.871,6.51,100.0,1.7659,5,403.0,14.7,3.5142284036242004,2.127040520479115,23.3
0.8213029001101178,0.0,19.58,1,0.605,6.25,92.6,1.7984,5,403.0,14.7,4.077198403387129,1.8718021769015913,27.0
0.9015262716731895,0.0,19.58,0,0.605,7.489,90.8,1.9709,5,403.0,14.7,3.155723009862931,1.0043016091968684,50.0
1.0416079806003153,0.0,19.58,1,0.605,7.802,98.2,2.0407,5,403.0,14.7,2.1150499691471993,1.0715836162801904,50.0
0.9238699369975489,0.0,19.58,1,0.605,8.375,93.9,2.162,5,403.0,14.7,2.2460147415056504,1.463255402256019,50.0
1.176301459715032,0.0,19.58,0,0.605,5.854,91.8,2.422,5,403.0,14.7,1.0260415958332612,2.5368663887187113,22.7
1.3671115417031166,0.0,19.58,0,0.605,6.101,93.0,2.2834,5,403.0,14.7,5.060948107969844,2.3804716316511167,25.0
1.1020031996922046,0.0,19.58,0,0.605,7.929,96.2,2.0459,5,403.0,14.7,3.3534067178258056,1.547562508716013,50.0
1.0297194121814914,0.0,19.58,0,0.605,5.877,79.2,2.4259,5,403.0,14.7,5.137502866038513,2.5756610130564646,23.8
1.194043673248051,0.0,19.58,0,0.605,6.319,96.1,2.1,5,403.0,14.7,4.61323755706585,2.4932054526026954,23.8
1.2382379898788045,0.0,19.58,0,0.605,6.402,95.2,2.2625,5,403.0,14.7,4.217446759356084,2.511223958105374,22.3
0.7918244127486899,0.0,19.58,0,0.605,5.875,94.6,2.4259,5,403.0,14.7,4.659753063758383,2.7363136663750693,17.4
1.1981257435340087,0.0,19.58,0,0.605,5.88,97.3,2.3887,5,403.0,14.7,3.9074123928704623,2.567254391136754,19.1
0.13027359174921221,0.0,4.05,0,0.51,5.572,88.5,2.5961,5,296.0,16.6,0.0,2.753023566744941,23.1
0.08780939182440828,0.0,4.05,0,0.51,6.416,84.1,2.6463,5,296.0,16.6,0.8754687373538904,2.306577114263583,23.6
0.08109138838488845,0.0,4.05,0,0.51,5.859,68.7,2.7019,5,296.0,16.6,1.5411590716807972,2.3646204839134985,22.6
0.06451352082506596,0.0,4.05,0,0.51,6.546,33.1,3.1323,5,296.0,16.6,1.9373017745187129,1.8453002361560848,29.4
0.06786423481612996,0.0,4.05,0,0.51,6.02,47.2,3.5549,5,296.0,16.6,1.5411590716807972,2.4078456036515385,23.2
0.05282961364453219,0.0,4.05,0,0.51,6.315,73.4,3.3175,5,296.0,16.6,0.8329091229350842,1.986503546020567,24.6
0.06430724439516707,0.0,4.05,0,0.51,6.86,74.4,2.9153,5,296.0,16.6,1.8916048041977704,2.0693912058263346,29.9
0.05619127964974249,0.0,2.46,0,0.488,6.98,58.4,2.829,3,193.0,17.8,0.0,1.7984040119467235,37.2
0.06380074905066188,0.0,2.46,0,0.488,7.765,83.3,2.741,3,193.0,17.8,0.8501509293695994,2.1471001901536506,39.8
0.06661137129850153,0.0,2.46,0,0.488,6.144,62.2,2.5979,3,193.0,17.8,0.0,2.34660197841082,36.2
0.087122204181403,0.0,2.46,0,0.488,7.155,92.2,2.7006,3,193.0,17.8,1.329724009631489,1.7613002617433464,37.9
0.09538290443255226,0.0,2.46,0,0.488,6.563,95.6,2.847,3,193.0,17.8,0.0,1.8991179875485542,32.5
0.07980883417341514,0.0,2.46,0,0.488,5.604,89.8,2.9879,3,193.0,17.8,1.9315214116032104,2.7067159780890733,26.4
0.058712206079331676,0.0,2.46,0,0.488,6.153,68.8,3.2797,3,193.0,17.8,2.37861977927004,2.649714624089247,29.6
0.05450712449866107,0.0,2.46,0,0.488,7.831,53.6,3.1992,3,193.0,17.8,1.6620303625532675,1.6956156086751528,50.0
0.07580296341550066,3.828641396489095,3.44,0,0.437,6.782,41.1,3.7886,5,398.0,15.2,1.3937663759585848,2.038619547159581,32.0
0.11848501143594592,3.828641396489095,3.44,0,0.437,6.556,29.1,4.5667,5,398.0,15.2,2.7120422223717475,1.715598108262491,29.8
0.08038111194681245,3.828641396489095,3.44,0,0.437,7.185,38.9,4.5667,5,398.0,15.2,0.0,1.8547342683894434,34.9
0.08680135493654229,3.828641396489095,3.44,0,0.437,6.951,21.5,6.4798,5,398.0,15.2,3.006672213592324,1.8082887711792655,37.0
0.06682652665553059,3.828641396489095,3.44,0,0.437,6.739,30.8,6.4798,5,398.0,15.2,2.102913897864978,1.7387102481382397,30.5
0.08309036653209825,3.828641396489095,3.44,0,0.437,7.178,26.3,6.4798,5,398.0,15.2,2.002830439307991,1.3532545070416904,36.4
0.021634282125149704,4.110873864173311,2.93,0,0.401,6.8,9.9,6.2196,1,265.0,15.6,1.5107219394949367,1.7967470107390942,31.1
0.01428744660806955,4.110873864173311,2.93,0,0.401,6.604,18.8,6.2196,1,265.0,15.6,3.0540011816779664,1.682688374173693,29.1
0.01371551088594122,4.394449154672439,0.46,0,0.422,7.875,32.0,5.6484,4,255.0,14.4,1.3001916620664677,1.3787660946990992,50.0
0.039326476790879826,4.394449154672439,1.52,0,0.404,7.287,34.1,7.309,2,329.0,12.6,0.0,1.6253112615903906,33.3
0.04560414180501583,4.394449154672439,1.52,0,0.404,7.107,36.6,7.309,2,329.0,12.6,3.7748277662503007,2.262804222982201,30.3
0.036987452050280596,4.394449154672439,1.52,0,0.404,7.274,38.3,7.309,2,329.0,12.6,1.7404661748405024,2.030776369698555,34.6
0.03101405352916946,4.564348191467836,1.47,0,0.403,6.975,15.3,7.6534,3,402.0,17.0,0.0,1.715598108262491,34.9
0.017623784753549428,4.564348191467836,1.47,0,0.403,7.135,13.9,7.6534,3,402.0,17.0,2.610069792742004,1.6956156086751528,32.9
0.0338698845076152,4.42484663185681,2.03,0,0.415,6.162,38.4,6.27,2,348.0,14.7,1.4182774069729402,2.131796772013764,24.1
0.021536417530524612,4.42484663185681,2.03,0,0.415,7.61,15.7,6.27,2,348.0,14.7,0.9242589015233247,1.413423028508143,42.3
0.034498040407567446,4.564348191467836,2.68,0,0.4161,7.853,33.2,5.118,4,224.0,14.7,1.6331544390514172,1.57069708411767,48.5
0.019890858697792765,4.564348191467836,2.68,0,0.4161,8.034,31.9,5.118,4,224.0,14.7,1.9947003132247407,1.355835153635182,50.0
0.12788297027984558,0.0,10.59,0,0.489,5.891,22.3,3.9454,4,277.0,18.6,0.0,2.4740142086215764,22.6
0.20676210509846787,0.0,10.59,0,0.489,6.326,52.5,4.3549,4,277.0,18.6,1.1085626195212688,2.482403519569882,24.4
0.22473428542556148,0.0,10.59,0,0.489,5.783,72.7,4.3549,4,277.0,18.6,2.1365305086639594,2.947591898226056,22.5
0.12739887713087175,0.0,10.59,1,0.489,6.064,59.1,4.2392,4,277.0,18.6,2.808197149707148,2.751109690562657,24.4
0.3616595003706892,0.0,10.59,1,0.489,5.344,100.0,3.875,4,277.0,18.6,0.0,3.18179681662678,20.0
0.1608084674913248,0.0,10.59,1,0.489,5.96,92.1,3.8771,4,277.0,18.6,1.53686721959926,2.9052603703899154,21.7
0.31902084300745703,0.0,10.59,1,0.489,5.404,88.6,3.665,4,277.0,18.6,0.9783261227935958,3.2180755046974316,19.3
0.19654492343019744,0.0,10.59,1,0.489,5.807,53.8,3.6526,4,277.0,18.6,1.9401794743463254,2.834976494674597,22.4
0.1314842987568961,0.0,10.59,0,0.489,6.375,32.3,3.9454,4,277.0,18.6,2.4923786646266994,2.3398808777377424,28.1
0.2542933203064257,0.0,10.59,0,0.489,5.412,9.8,3.5875,4,277.0,18.6,3.8912078657142253,3.4193646856176043,23.7
0.18067019404472417,0.0,10.59,0,0.489,6.182,42.4,3.9454,4,277.0,18.6,1.451613827240529,2.3485140248824456,25.0
0.04459088332787514,0.0,13.89,1,0.55,5.888,56.0,3.1121,5,276.0,16.4,1.6292405397302734,2.6748380668960965,23.3
0.06778013642095809,0.0,13.89,0,0.55,6.642,85.1,3.4211,5,276.0,16.4,1.6331544390514172,2.3693087250369538,28.7
0.1049814438191745,0.0,13.89,1,0.55,5.951,93.8,2.8893,5,276.0,16.4,0.0,2.9402195636237325,21.5
0.10818153284452815,0.0,13.89,1,0.55,6.373,92.4,3.3633,5,276.0,16.4,1.4255150742731644,2.4423470353692043,23.0
0.3060793008727377,0.0,6.2,1,0.507,6.951,88.5,2.8617,8,307.0,17.4,1.824549292051044,2.3711778844596574,26.7
0.341964270612869,0.0,6.2,1,0.507,6.164,91.3,3.048,8,307.0,17.4,0.9783261227935958,3.111735949310297,21.7
0.4846212690691169,0.0,6.2,1,0.507,6.879,77.7,3.2721,8,307.0,17.4,2.016235465776042,2.391511302188447,27.5
0.47914918090543834,0.0,6.2,0,0.507,6.618,80.8,3.2721,8,307.0,17.4,0.0,2.151762203259462,30.1
0.2740875847172427,0.0,6.2,0,0.504,8.266,78.3,2.8944,8,307.0,17.4,2.553343811341226,1.6370530794670737,44.8
0.4232591836664219,0.0,6.2,0,0.504,8.725,83.0,2.8944,8,307.0,17.4,2.7663191092261843,1.728109442151599,50.0
0.32363302267493305,0.0,6.2,0,0.504,8.04,86.5,3.2157,8,307.0,17.4,2.353278207309562,1.4182774069729414,37.6
0.3452762246773023,0.0,6.2,0,0.504,7.163,79.9,3.2157,8,307.0,17.4,3.251149385418496,1.9960599327407849,31.6
0.2609709866142154,0.0,6.2,0,0.504,7.686,17.0,3.3751,8,307.0,17.4,3.015044584586363,1.5933085305042167,46.7
0.36587846134267826,0.0,6.2,0,0.504,6.552,21.4,3.3751,8,307.0,17.4,2.865623588206971,1.5602476682433286,31.5
0.4298324645564588,0.0,6.2,0,0.504,5.981,68.1,3.6715,8,307.0,17.4,2.9729752864313723,2.5376572151735295,24.3
0.3804617805842404,0.0,6.2,0,0.504,7.412,76.9,3.6715,8,307.0,17.4,3.0800734219877413,1.8325814637483102,31.7
0.4544393823124307,0.0,6.2,0,0.507,8.337,73.3,3.8384,8,307.0,17.4,2.4840729690394188,1.244154593958768,41.7
0.2862835950379259,0.0,6.2,0,0.507,8.247,70.4,3.6519,8,307.0,17.4,2.9418039315284346,1.599387576580599,48.3
0.37012113733570884,0.0,6.2,1,0.507,6.726,66.5,3.6519,8,307.0,17.4,3.629660094453965,2.2027647577118348,29.0
0.2855172308722698,0.0,6.2,0,0.507,6.086,61.5,3.6519,8,307.0,17.4,3.051639905492286,2.474856313934499,24.0
0.41909184102282127,0.0,6.2,1,0.507,6.631,76.5,4.148,8,307.0,17.4,2.2460147415056504,2.355177543113216,25.1
0.4133208375737469,0.0,6.2,0,0.507,7.358,71.6,4.148,8,307.0,17.4,2.0579625100027097,1.7457155307266483,31.5
0.07921775210662887,3.4339872044851463,4.93,0,0.428,6.481,18.5,6.1899,6,300.0,16.6,2.9172300453990307,1.9960599327407849,23.7
0.08848695445619936,3.4339872044851463,4.93,0,0.428,6.606,42.2,6.1899,6,300.0,16.6,2.6475922320650964,2.124653884501384,23.3
0.10731959540732398,3.4339872044851463,4.93,0,0.428,6.897,54.3,6.3361,6,300.0,16.6,1.8946168546677593,2.5160822672564502,22.0
0.10085839631038275,3.4339872044851463,4.93,0,0.428,6.095,65.1,6.3361,6,300.0,16.6,1.1878434223960441,2.5952547069568657,20.1
0.09794307432996419,3.4339872044851463,4.93,0,0.428,6.358,52.9,7.0355,6,300.0,16.6,3.2248578965457475,2.503073953743449,22.2
0.12006487472475483,3.4339872044851463,4.93,0,0.428,6.393,7.8,7.0355,6,300.0,16.6,3.14372115126744,1.8229350866965048,23.7
0.18737543109663357,3.1354942159291497,5.86,0,0.431,5.593,76.5,7.9549,7,330.0,19.1,3.2351427973320717,2.6026896854443837,17.6
0.17507033007976175,3.1354942159291497,5.86,0,0.431,5.605,70.2,7.9549,7,330.0,19.1,2.1713368063840894,2.968361076757859,18.5
0.2925427402430482,3.1354942159291497,5.86,0,0.431,6.108,34.9,8.0555,7,330.0,19.1,2.043814364036681,2.318458442150336,24.3
0.1794591306249127,3.1354942159291497,5.86,0,0.431,6.226,79.2,8.0555,7,330.0,19.1,3.0800734219877413,2.411439497906128,20.5
0.1521973447384029,3.1354942159291497,5.86,0,0.431,6.433,49.1,7.8265,7,330.0,19.1,3.14372115126744,2.3532782073095637,24.5
0.17456656442088753,3.1354942159291497,5.86,0,0.431,6.718,17.5,7.8265,7,330.0,19.1,1.4255150742731644,2.0228711901914416,26.2
0.13129138568117568,3.1354942159291497,5.86,0,0.431,6.487,13.0,7.3967,7,330.0,19.1,0.4824261492442955,1.9315214116032138,24.4
0.19399482498004605,3.1354942159291497,5.86,0,0.431,6.438,8.9,7.3967,7,330.0,19.1,3.0363942552728798,1.5238800240724537,24.8
0.07900524661995385,3.1354942159291497,5.86,0,0.431,6.957,6.8,8.9067,7,330.0,19.1,2.4689466302092713,1.5107219394949425,29.6
0.3140367177344588,3.1354942159291497,5.86,0,0.431,8.259,8.4,8.9067,7,330.0,19.1,0.0,1.5129270120532565,42.8
0.04706486717633035,4.394449154672439,3.64,0,0.392,6.108,32.0,9.2203,1,315.0,16.4,1.6114359150967716,2.0241930674493576,21.9
0.034865087326079396,4.394449154672439,3.64,0,0.392,5.876,19.1,9.2203,1,315.0,16.4,1.000631880307895,2.327277705584417,20.9
0.01526292666591237,4.51085950651685,3.75,0,0.394,7.454,34.2,6.3361,3,244.0,15.9,2.4475508632442318,1.413423028508143,44.0
0.47719024356009226,3.044522437723423,3.97,0,0.647,8.704,86.9,1.801,5,264.0,13.0,2.104134154270206,1.8115620965242347,50.0
0.508929827880027,3.044522437723423,3.97,0,0.647,7.333,100.0,1.8946,5,264.0,13.0,2.681706225762605,2.1736147116970854,36.0
0.5047974910276488,3.044522437723423,3.97,0,0.647,6.842,100.0,2.0107,5,264.0,13.0,1.7867469274045058,2.066862759472976,30.1
0.4318538424460674,3.044522437723423,3.97,0,0.647,7.203,81.8,2.1121,5,264.0,13.0,1.6292405397302734,2.359910159613315,33.8
0.42795692674339125,3.044522437723423,3.97,0,0.647,7.52,89.4,2.1398,5,264.0,13.0,2.2544447176661078,2.1114245875328868,43.1
0.4188024358799136,3.044522437723423,3.97,0,0.647,8.398,91.5,2.2885,5,264.0,13.0,2.401525040848946,1.9329696377795786,48.8
0.6017224426405977,3.044522437723423,3.97,0,0.647,7.327,94.5,2.0788,5,264.0,13.0,1.4996230464268852,2.505525936990736,31.0
0.4383000912017374,3.044522437723423,3.97,0,0.647,7.206,91.6,1.9301,5,264.0,13.0,2.303584593327128,2.2082744135228043,36.5
0.5662338402369981,3.044522437723423,3.97,0,0.647,5.56,62.8,1.9865,5,264.0,13.0,1.7047480922384253,2.4379897300002487,22.8
0.579810495220942,3.044522437723423,3.97,0,0.647,7.014,84.6,2.1329,5,264.0,13.0,2.626840145676666,2.7593768282675506,30.7
0.45637366182584765,3.044522437723423,3.97,0,0.575,8.297,67.0,2.4216,5,264.0,13.0,2.5922651681084963,2.132982308607866,50.0
0.43210703905458553,3.044522437723423,3.97,0,0.575,7.47,52.6,2.872,5,264.0,13.0,2.0281482472922807,1.425515074273172,43.5
0.08677384878203846,3.044522437723423,6.96,1,0.464,5.92,61.5,3.9175,3,223.0,18.6,1.880990602955998,2.6844403354630764,20.7
0.26171790177397086,3.044522437723423,6.96,0,0.464,5.856,42.1,4.429,3,223.0,18.6,2.224623551524334,2.6390573296152584,21.1
0.1502373183211034,3.044522437723423,6.96,0,0.464,6.24,16.3,4.429,3,223.0,18.6,0.0,2.0268315914075385,25.2
0.10849559615329891,3.044522437723423,6.96,0,0.464,6.538,58.7,3.9175,3,223.0,18.6,1.0784095813505894,2.166765369851511,24.4
0.2003906562548323,3.044522437723423,6.96,1,0.464,7.691,51.8,4.3665,3,223.0,18.6,1.964311234426204,2.0255131996542803,35.2
0.05490476516928596,3.713572066704308,6.41,1,0.447,6.758,32.9,4.0776,4,254.0,17.6,0.0,1.5107219394949425,32.4
0.09170368421021316,3.713572066704308,6.41,0,0.447,6.854,42.8,4.2673,4,254.0,17.6,0.0,1.3812818192963463,32.0
0.09956475262374566,3.713572066704308,6.41,1,0.447,7.267,49.0,4.7872,4,254.0,17.6,2.1575593209437853,1.9530276168241774,33.2
0.059466304166666525,3.713572066704308,6.41,1,0.447,6.826,27.6,4.8628,4,254.0,17.6,1.4929040961781463,1.6409365794934714,33.1
0.07675731668200717,3.713572066704308,6.41,0,0.447,6.482,32.1,4.1403,4,254.0,17.6,0.0,2.1029138978649784,29.1
0.19093435989217727,3.044522437723423,3.33,0,0.4429,6.812,32.2,4.1007,5,216.0,14.9,0.0,1.766441661243765,35.1
0.035154766074375454,3.044522437723423,3.33,0,0.4429,7.82,64.5,4.6947,5,216.0,14.9,2.3599101596133125,1.5602476682433286,45.4
0.0363801440927505,3.044522437723423,3.33,0,0.4429,6.968,37.2,5.2447,5,216.0,14.9,1.7351891177396535,1.7209792871670078,35.4
0.05948514933476599,3.044522437723423,3.33,1,0.4429,7.645,49.7,5.2119,5,216.0,14.9,3.0363942552728798,1.3887912413184778,46.0
0.014898464661966655,4.51085950651685,1.21,1,0.401,7.923,24.8,5.885,1,198.0,13.6,0.8671004876833814,1.425515074273172,50.0
0.00901920442015993,4.51085950651685,2.97,0,0.4,7.088,20.8,7.3073,1,285.0,15.3,1.1568811967920698,2.180417459019838,32.2
0.010900374468288253,4.02535169073515,2.25,0,0.389,6.453,31.9,7.3073,1,300.0,15.3,1.1568811967920698,2.222459048514761,22.0
0.01945943115621908,4.394449154672439,1.76,0,0.385,6.23,31.5,9.0892,1,241.0,18.2,4.030694535145644,2.6340447877917144,20.1
0.03797955862417436,3.979681653901961,5.32,0,0.405,6.209,31.3,7.3172,6,293.0,16.6,0.0,2.096790180014449,23.2
0.044877758778085454,3.979681653901961,5.32,0,0.405,6.315,45.6,7.3172,6,293.0,16.6,0.0,2.151762203259462,22.3
0.04207241242184152,3.979681653901961,5.32,0,0.405,6.565,22.9,7.3172,6,293.0,16.6,3.264995760481752,2.3523271848888596,24.8
0.03442075020213025,4.394449154672439,4.95,0,0.411,6.861,27.9,5.1167,4,245.0,19.2,0.0,1.4655675420143985,28.5
0.07590492808946425,4.394449154672439,4.95,0,0.411,7.148,27.7,5.1167,4,245.0,19.2,0.0,1.5173226235262949,37.3
0.03551192100135957,4.394449154672439,4.95,0,0.411,6.63,23.4,5.1167,4,245.0,19.2,0.0,1.7404661748405046,27.9
0.07941173942416169,0.0,13.92,0,0.437,6.127,18.4,5.5027,4,289.0,16.0,0.0,2.259677591982769,23.9
0.07880193823740345,0.0,13.92,0,0.437,6.009,42.3,5.5027,4,289.0,16.0,0.0,2.4336133554004498,21.7
0.12161568167655971,0.0,13.92,0,0.437,6.678,31.1,5.9604,4,289.0,16.0,0.0,1.9837562915454279,28.6
0.052326760177767426,0.0,13.92,0,0.437,6.549,51.0,5.9604,4,289.0,16.0,1.6193882432872595,2.127040520479115,27.1
0.13193136325997015,0.0,13.92,0,0.437,5.79,58.0,6.32,4,289.0,16.0,0.0,2.8237570088141806,20.3
0.06265549936434228,4.2626798770413155,2.24,0,0.4,6.345,20.1,7.8278,5,358.0,14.8,3.389799336709785,1.7867469274045107,22.5
0.054118798887496024,4.2626798770413155,2.24,0,0.4,7.041,10.0,7.8278,5,358.0,14.8,3.2703291064571163,1.747459210331475,29.0
0.04322231145326899,4.2626798770413155,2.24,0,0.4,6.871,47.4,7.8278,5,358.0,14.8,1.951608170169946,1.9558604799084813,24.8
0.03475885075645489,3.5553480614894135,6.09,0,0.433,6.59,40.4,5.4917,7,329.0,16.1,0.7654678421395609,2.3513752571634776,22.0
0.0886150903536463,3.5553480614894135,6.09,0,0.433,6.495,18.4,5.4917,7,329.0,16.1,2.6595599919417734,2.269028309465203,26.4
0.09531017980432487,3.5553480614894135,6.09,0,0.433,6.982,17.7,5.4917,7,329.0,16.1,2.010894999144722,1.7681496035889213,33.1
0.05368293691618483,3.5263605246161616,2.18,0,0.472,7.236,41.1,4.022,7,222.0,18.4,1.4398351280479134,2.0706530356467567,36.1
0.053341694981823305,3.5263605246161616,2.18,0,0.472,6.616,58.1,3.37,7,222.0,18.4,1.5129270120532485,2.295560478057081,28.4
0.07234856816697788,3.5263605246161616,2.18,0,0.472,7.42,71.9,3.0992,7,222.0,18.4,0.0,2.010894999144726,33.4
0.04814233532601414,3.5263605246161616,2.18,0,0.472,6.849,70.3,3.1827,7,222.0,18.4,0.0,2.143589361503588,28.2
0.4007741226200408,0.0,9.9,0,0.544,6.635,82.5,3.3175,4,304.0,18.4,0.0,1.7119945007591924,22.8
0.29966004921118794,0.0,9.9,0,0.544,5.972,76.7,3.1025,4,304.0,18.4,0.5068176023684327,2.395164274287139,20.3
1.290741151786282,0.0,9.9,0,0.544,4.973,37.8,2.5194,4,304.0,18.4,3.859676525055937,2.613006652415316,16.1
0.5824446439039829,0.0,9.9,0,0.544,6.122,52.8,2.6403,4,304.0,18.4,0.0,1.9430489167742813,22.1
0.2324520921057716,0.0,9.9,0,0.544,6.023,90.4,2.834,4,304.0,18.4,0.47000362924571426,2.543175557911976,19.4
0.23852859229108633,0.0,9.9,0,0.544,6.266,82.8,3.2628,4,304.0,18.4,1.506297153514585,2.186051276738094,21.6
0.3142266276738932,0.0,9.9,0,0.544,6.567,87.3,3.6023,4,304.0,18.4,0.7929925155296522,2.330200260027019,23.8
0.22598750344594104,0.0,9.9,0,0.544,5.705,77.7,3.945,4,304.0,18.4,0.3920420877759976,2.5257286443082556,16.2
0.27632027094240774,0.0,9.9,0,0.544,5.914,83.2,3.9986,4,304.0,18.4,1.974081026022008,2.9616582932202395,17.8
0.21931222113316776,0.0,9.9,0,0.544,5.782,71.7,4.0317,4,304.0,18.4,0.0,2.8296776892239084,19.8
0.3379140538458848,0.0,9.9,0,0.544,6.382,67.2,3.5325,4,304.0,18.4,0.9895411936137469,2.4300984132930052,23.1
0.3889765831033406,0.0,9.9,0,0.544,6.113,58.8,4.0019,4,304.0,18.4,0.5128236264286392,2.6195832197798796,21.0
0.15495035999782264,0.0,7.38,0,0.493,6.426,52.3,4.5404,5,287.0,19.6,0.0,2.1041341542702074,23.8
0.1668609890983406,0.0,7.38,0,0.493,6.376,54.3,4.5404,5,287.0,19.6,0.0,2.063058062429312,23.1
0.3009486805521662,0.0,7.38,0,0.493,6.041,49.9,4.7211,5,287.0,19.6,0.0,2.163323025660538,20.4
0.24991789803076372,0.0,7.38,0,0.493,5.708,74.3,4.7211,5,287.0,19.6,1.912501086924181,2.5447466501440172,18.5
0.29348271614145116,0.0,7.38,0,0.493,6.415,40.1,4.7211,5,287.0,19.6,0.0,1.9629077254238845,25.0
0.17551511208097656,0.0,7.38,0,0.493,6.431,14.7,5.4159,5,287.0,19.6,1.4398351280479134,1.8050046959780757,24.6
0.26502993916684736,0.0,7.38,0,0.493,6.312,28.9,5.4159,5,287.0,19.6,0.0,1.9671123567059163,23.0
0.21594167998346536,0.0,7.38,0,0.493,6.083,43.7,5.4159,5,287.0,19.6,0.0,2.6239436918052106,22.2
0.06407278770058891,0.0,3.24,0,0.46,5.868,25.8,5.2146,4,430.0,16.9,2.7382560431592746,2.395164274287139,19.3
0.06507587673618768,0.0,3.24,0,0.46,6.333,17.2,5.2146,4,430.0,16.9,3.1219242987917504,2.1210632163706555,22.6
0.04443784943056829,0.0,3.24,0,0.46,6.144,32.2,5.8736,4,430.0,16.9,3.378610882989359,2.3115448343655176,19.8
0.049009187801052775,3.58351893845611,6.06,0,0.4379,5.706,28.4,6.6407,1,304.0,16.9,1.355835153635181,2.5974910105351463,17.1
0.03407287033313542,3.58351893845611,6.06,0,0.4379,6.031,23.3,6.6407,1,304.0,16.9,3.573749146860304,2.178155014615869,19.4
0.049580328098150495,0.0,5.19,0,0.515,6.316,38.1,6.4584,5,224.0,20.2,2.102913897864978,1.8991179875485542,22.2
0.03669830378267371,0.0,5.19,0,0.515,6.31,38.5,6.4584,5,224.0,20.2,2.1400661634962708,2.0476928433652555,20.7
0.03884564282319823,0.0,5.19,0,0.515,6.037,34.5,5.9853,5,224.0,20.2,0.0,2.1983350716202463,21.1
0.03369586385672553,0.0,5.19,0,0.515,5.869,46.3,5.2311,5,224.0,20.2,0.0,2.379546134130174,19.5
0.029956781289803308,0.0,5.19,0,0.515,5.895,59.6,5.615,5,224.0,20.2,1.128171090909646,2.4475508632442313,18.5
0.032525271703396835,0.0,5.19,0,0.515,6.059,37.3,4.8122,5,224.0,20.2,0.5653138090500552,2.252343876557299,20.6
0.05351233050476122,0.0,5.19,0,0.515,5.985,45.4,4.8122,5,224.0,20.2,0.0,2.3739750890807185,19.0
0.059692422747982164,0.0,5.19,0,0.515,5.968,58.5,4.8122,5,224.0,20.2,0.0,2.331172549845958,18.7
0.012926096886133677,3.58351893845611,1.52,0,0.442,7.241,49.3,7.0379,1,284.0,15.5,1.1505720275988107,1.8702625307159986,32.7
0.024673100204884193,0.0,1.89,0,0.518,6.54,59.7,6.2669,1,422.0,15.9,2.071913275259044,2.2669579153508947,16.5
0.025112036814854834,4.02535169073515,3.78,0,0.484,6.696,56.4,5.7321,5,370.0,17.6,0.0,2.1016921506146558,23.9
0.030034417274121015,4.02535169073515,3.78,0,0.484,6.874,28.1,6.4654,5,370.0,17.6,2.295560478057076,1.724550719534605,31.2
0.030655288259616865,0.0,4.39,0,0.442,6.014,48.5,8.0136,3,352.0,18.8,2.5063419305080648,2.4449523342809676,17.5
0.05979604334596572,0.0,4.39,0,0.442,5.898,52.3,8.0136,3,352.0,18.8,3.5052570515869323,2.6152036507358583,17.2
0.018527304613883622,4.454347296253507,4.15,0,0.429,6.516,27.7,8.5353,4,351.0,17.9,1.6992786164338844,1.9960599327407849,23.1
0.014898464661966655,4.394449154672439,2.01,0,0.435,6.635,29.7,8.344,4,280.0,17.0,1.9401794743463254,1.944480556245719,24.5
0.028577738631707327,3.713572066704308,1.25,0,0.429,6.939,34.5,8.7921,1,335.0,19.7,2.0856720914304665,1.9300710850255671,26.6
0.06025749561032605,3.713572066704308,1.25,0,0.429,6.49,44.4,8.7921,1,335.0,19.7,0.0,1.9430489167742813,22.9
0.07649797097272498,4.110873864173311,1.69,0,0.411,6.579,35.9,10.7103,4,411.0,18.3,3.3002714630721948,1.8702625307159986,24.1
0.06993642619916386,4.110873864173311,1.69,0,0.411,5.884,18.5,10.7103,4,411.0,18.3,1.7173950539391913,2.1736147116970854,18.6
0.016945608726141724,4.51085950651685,2.02,0,0.41,6.728,36.1,12.1265,5,187.0,17.0,2.598235335095003,1.7047480922384253,30.1
0.042110763700381956,4.394449154672439,1.91,0,0.413,5.663,21.9,10.5857,4,334.0,22.0,2.714694743820876,2.2027647577118348,18.2
0.10128321475208404,4.394449154672439,1.91,0,0.413,5.936,19.5,10.5857,4,334.0,22.0,3.0846584827483907,1.8825138324965192,20.6
2.3008796395346813,0.0,18.1,1,0.77,6.212,97.4,2.1222,24,666.0,20.2,3.0041963519661183,2.9231615807191558,17.8
1.578916847366148,0.0,18.1,1,0.77,6.395,91.0,2.5052,24,666.0,20.2,1.880990602955998,2.658159431488745,21.7
1.8248347351792473,0.0,18.1,1,0.77,6.127,83.4,2.7227,24,666.0,20.2,0.9042181506398739,2.5241273629412815,22.7
1.6603800451716153,0.0,18.1,0,0.77,6.112,81.3,2.5091,24,666.0,20.2,1.9685099809725497,2.6152036507358583,22.6
1.7123410111146564,0.0,18.1,0,0.77,6.398,88.0,2.5182,24,666.0,20.2,3.150168626858409,2.1736147116970854,25.0
1.5762616149393935,0.0,18.1,0,0.77,6.251,91.1,2.2955,24,666.0,20.2,3.855452653939752,2.7206373166076814,19.9
1.5429176957008952,0.0,18.1,0,0.77,5.362,96.2,2.1036,24,666.0,20.2,2.8396630879040994,2.4150205223238337,20.8
1.6529551515173315,0.0,18.1,1,0.77,5.803,89.0,1.9047,24,666.0,20.2,3.803546529092061,2.7498317351171653,16.8
1.4983454449272653,0.0,18.1,1,0.718,8.78,82.9,1.9047,24,666.0,20.2,3.76930670322655,1.8389610707123492,21.9
1.7148550264902072,0.0,18.1,0,0.718,3.561,87.9,1.6132,24,666.0,20.2,3.7658404952500644,2.0943301541735866,27.5
1.5469133618955864,0.0,18.1,0,0.718,4.963,91.4,1.7523,24,666.0,20.2,4.405132623388357,2.70805020110221,21.9
2.675678513070904,0.0,18.1,0,0.631,3.863,100.0,1.5106,24,666.0,20.2,5.585299193885424,2.6623552418400807,23.1
1.7746506104773532,0.0,18.1,0,0.631,4.97,100.0,1.3325,24,666.0,20.2,3.108167702883779,1.449269160281279,50.0
1.8976168614222872,0.0,18.1,1,0.631,6.683,96.8,1.3567,24,666.0,20.2,3.116621590829444,1.5539252025038417,50.0
2.020057712262034,0.0,18.1,1,0.631,7.016,97.5,1.2024,24,666.0,20.2,1.7664416612437592,1.3762440252663892,50.0
2.3255493836278043,0.0,18.1,0,0.631,6.216,100.0,1.1691,24,666.0,20.2,3.457892725338701,2.354228326145884,50.0
2.226486679687524,0.0,18.1,1,0.668,5.875,89.6,1.1296,24,666.0,20.2,3.9124229254494725,2.2905125117597764,50.0
2.493874650127679,0.0,18.1,0,0.668,4.906,100.0,1.1742,24,666.0,20.2,0.0,3.5771095532709265,13.8
2.970322153616776,0.0,18.1,0,0.668,4.138,100.0,1.137,24,666.0,20.2,0.0,3.662792119350618,13.8
3.0257327258266167,0.0,18.1,0,0.671,7.313,97.9,1.3163,24,666.0,20.2,0.0,2.67000213346468,15.0
2.7904286403681122,0.0,18.1,0,0.671,6.649,93.3,1.3449,24,666.0,20.2,3.5519135990407786,3.1880041612011136,13.9
2.381718772241792,0.0,18.1,0,0.671,6.794,98.8,1.358,24,666.0,20.2,0.0,3.1018924693823817,13.3
3.204703875510067,0.0,18.1,0,0.671,6.38,96.2,1.3861,24,666.0,20.2,0.0,3.206398303357088,13.1
2.937398463323919,0.0,18.1,0,0.671,6.223,100.0,1.3861,24,666.0,20.2,1.4255150742731644,3.125882958019036,10.2
4.4995451909142234,0.0,18.1,0,0.671,6.968,91.9,1.4165,24,666.0,20.2,0.0,2.9019708937395166,10.4
2.825797680570924,0.0,18.1,0,0.671,6.545,99.1,1.5192,24,666.0,20.2,0.0,3.0946722214088944,10.9
2.321114360892544,0.0,18.1,0,0.7,5.536,100.0,1.5804,24,666.0,20.2,0.0,3.202746442938317,11.3
2.19638867250955,0.0,18.1,0,0.7,5.52,100.0,1.5331,24,666.0,20.2,0.0,3.241028629509334,12.3
3.04855714447919,0.0,18.1,0,0.7,4.368,91.2,1.4395,24,666.0,20.2,4.719123676063936,3.4541060373175574,8.8
2.879861159011059,0.0,18.1,0,0.7,5.277,98.1,1.4261,24,666.0,20.2,0.0,3.4597807057610526,7.2
3.2345050497403935,0.0,18.1,0,0.7,4.652,100.0,1.4672,24,666.0,20.2,0.0,3.3769046890931107,10.5
3.1611238231251,0.0,18.1,0,0.7,5.0,89.5,1.5184,24,666.0,20.2,0.0,3.49620448524049,7.4
2.730053020578551,0.0,18.1,0,0.7,4.88,100.0,1.5895,24,666.0,20.2,3.21807550469743,3.453789831781326,10.2
2.213944025142987,0.0,18.1,0,0.7,5.39,98.9,1.7281,24,666.0,20.2,0.0,3.084200921541599,11.5
2.0746990638882306,0.0,18.1,0,0.7,5.713,97.0,1.9265,24,666.0,20.2,1.2441545939587593,2.896464271895322,15.1
1.8394458498493202,0.0,18.1,0,0.7,6.051,82.5,2.1678,24,666.0,20.2,2.9714395809849456,2.983659692319722,23.2
2.531941305700138,0.0,18.1,0,0.7,5.036,97.0,1.77,24,666.0,20.2,0.0,3.283914221047423,9.7
2.266414762688843,0.0,18.1,0,0.693,6.193,92.6,1.7912,24,666.0,20.2,0.0,2.783157673589016,13.8
2.6644326359464867,0.0,18.1,0,0.693,5.887,94.7,1.7821,24,666.0,20.2,0.0,2.8535925063928684,12.7
2.273851200420946,0.0,18.1,0,0.693,6.471,98.8,1.7257,24,666.0,20.2,1.7783364488959075,2.8970163006148333,13.1
1.9274624605576969,0.0,18.1,0,0.693,6.405,96.0,1.6768,24,666.0,20.2,0.0,3.0140632302387145,12.5
2.160101750967694,0.0,18.1,0,0.693,5.747,98.9,1.6334,24,666.0,20.2,1.5686159179138357,3.040705639196722,8.5
3.672541717146316,0.0,18.1,0,0.693,5.453,100.0,1.4896,24,666.0,20.2,0.0,3.4528406148139936,5.0
2.390279986333144,0.0,18.1,0,0.693,5.852,77.8,1.5004,24,666.0,20.2,4.090001812787963,3.4330189939851112,6.3
3.2598680448992714,0.0,18.1,0,0.693,5.987,100.0,1.5888,24,666.0,20.2,0.0,3.323956301318708,5.6
2.7236741753351374,0.0,18.1,0,0.693,6.343,100.0,1.5741,24,666.0,20.2,0.0,3.0596455992976437,7.2
2.360449202216868,0.0,18.1,0,0.693,6.404,100.0,1.639,24,666.0,20.2,3.081451148956527,3.0591764461105257,12.1
3.250440381229692,0.0,18.1,0,0.693,5.349,96.0,1.7028,24,666.0,20.2,0.0,3.033509637888021,8.3
3.7501908988370403,0.0,18.1,0,0.693,5.531,85.4,1.6074,24,666.0,20.2,4.225957449023992,3.3456846717318967,8.5
4.232958019253417,0.0,18.1,0,0.693,5.683,100.0,1.4254,24,666.0,20.2,2.559550192783762,3.177220149599368,5.0
3.0780585258000213,0.0,18.1,0,0.659,4.138,100.0,1.1781,24,666.0,20.2,3.320710130749467,3.1921210875593813,11.9
2.5611807266231144,0.0,18.1,0,0.659,5.608,100.0,1.2852,24,666.0,20.2,4.186771802468027,2.574899688314705,27.9
2.1286946938918567,0.0,18.1,0,0.597,5.617,97.9,1.4547,24,666.0,20.2,4.421968241766829,3.3105430133940246,17.2
2.736851434907838,0.0,18.1,0,0.597,6.852,100.0,1.4655,24,666.0,20.2,5.386969064142599,3.0339909856710814,27.5
3.9538518529018067,0.0,18.1,0,0.597,5.757,100.0,1.413,24,666.0,20.2,5.9796449703026395,2.4078456036515385,15.0
2.7114245017411593,0.0,18.1,0,0.597,6.657,100.0,1.5275,24,666.0,20.2,5.8939895257241455,3.100992784211484,17.2
2.9862373389921895,0.0,18.1,0,0.597,4.628,100.0,1.5539,24,666.0,20.2,5.911094702597691,3.5658640032173894,17.9
3.3896577218278483,0.0,18.1,0,0.597,5.155,100.0,1.5894,24,666.0,20.2,5.23073421522424,3.0483247236731614,16.3
3.844730829794956,0.0,18.1,0,0.693,4.519,100.0,1.6582,24,666.0,20.2,5.735378036245952,3.63705970538414,7.0
2.9488817271093315,0.0,18.1,0,0.679,6.434,100.0,1.8347,24,666.0,20.2,5.915258221102729,3.4028626609812167,7.2
2.4709936445680034,0.0,18.1,0,0.679,6.782,90.8,1.8195,24,666.0,20.2,5.930466418046399,3.2880286835565173,7.5
3.293634442449129,0.0,18.1,0,0.679,5.304,89.1,1.6475,24,666.0,20.2,5.600419961661047,3.319263998899469,10.4
4.3112567387853336,0.0,18.1,0,0.679,5.957,100.0,1.8026,24,666.0,20.2,5.943979780536238,3.073618812211062,8.8
2.5504056470206957,0.0,18.1,0,0.718,6.824,76.5,1.794,24,666.0,20.2,5.856360489923138,3.167161389181522,8.4
2.492163587735884,0.0,18.1,0,0.718,6.411,100.0,1.8589,24,666.0,20.2,4.371344786327021,2.7738379416402132,16.7
2.0822613123870632,0.0,18.1,0,0.718,6.006,95.3,1.8746,24,666.0,20.2,4.3556826593342794,2.8154087194227095,14.2
2.5686501932208596,0.0,18.1,0,0.614,5.648,87.6,1.9512,24,666.0,20.2,4.666735541646246,2.714694743820879,20.8
2.085724263982504,0.0,18.1,0,0.614,6.103,85.1,2.0218,24,666.0,20.2,5.979847327767791,3.190064743014081,13.4
2.2815779805968406,0.0,18.1,0,0.584,5.565,70.6,2.0635,24,666.0,20.2,5.976985225843148,2.8992213731731473,11.7
2.8249617460097114,0.0,18.1,0,0.679,5.896,95.4,1.9096,24,666.0,20.2,5.966710682641753,3.234355395716587,8.3
2.5837862093461372,0.0,18.1,0,0.584,5.837,59.7,1.9976,24,666.0,20.2,5.9222484364192995,2.8148097376737438,10.2
3.6548546189770925,0.0,18.1,0,0.679,6.202,78.7,1.8629,24,666.0,20.2,5.937747264601994,2.7421295147550726,10.9
2.1243085441136205,0.0,18.1,0,0.679,6.193,78.1,1.9356,24,666.0,20.2,5.707674889371544,3.1144038032714896,11.0
2.335912513221137,0.0,18.1,0,0.679,6.38,95.6,1.9682,24,666.0,20.2,5.8206169123876546,3.22207071576472,9.5
2.2504630342235155,0.0,18.1,0,0.584,6.348,86.1,2.0527,24,666.0,20.2,5.750825080989513,2.925309809257445,14.5
2.4035429310745737,0.0,18.1,0,0.584,6.833,94.3,2.0882,24,666.0,20.2,5.7575443861663,3.029650491757452,14.1
2.0074150555763612,0.0,18.1,0,0.584,6.425,74.8,2.2004,24,666.0,20.2,5.703615794099102,2.567254391136754,16.1
1.8841973460987684,0.0,18.1,0,0.713,6.436,87.9,2.3158,24,666.0,20.2,5.696119858320856,2.8460714989995846,14.3
2.7022601376565687,0.0,18.1,0,0.713,6.208,95.0,2.2222,24,666.0,20.2,5.694640816738918,2.783157673589016,11.7
2.498184770733843,0.0,18.1,0,0.74,6.629,94.6,2.1247,24,666.0,20.2,5.663134076178392,3.18924101973851,13.4
2.7357172474638767,0.0,18.1,0,0.74,6.461,93.3,2.0026,24,666.0,20.2,5.914610500247762,2.94706710157271,9.6
2.7836028435028815,0.0,18.1,0,0.74,6.152,100.0,1.9142,24,666.0,20.2,5.962499068814966,3.3123661679555396,8.7
2.6863565870169546,0.0,18.1,0,0.74,5.935,87.9,1.8206,24,666.0,20.2,5.795905763532007,3.555919326857706,8.4
2.340904438499074,0.0,18.1,0,0.74,5.627,93.9,1.8172,24,666.0,20.2,0.0,3.1730412885244013,12.8
3.137713490646716,0.0,18.1,0,0.74,5.818,92.4,1.8662,24,666.0,20.2,1.8640801308076793,3.1402654242862895,10.5
2.372501005014648,0.0,18.1,0,0.74,6.406,97.2,2.0651,24,666.0,20.2,2.479894107964456,3.021400020302569,17.1
1.8970754838957269,0.0,18.1,0,0.74,6.219,100.0,2.0048,24,666.0,20.2,0.7929925155296522,2.8673305587494666,18.4
2.394848818884537,0.0,18.1,0,0.74,6.485,100.0,1.9784,24,666.0,20.2,2.4132316130811056,2.9882040071331994,15.4
2.6248352449424797,0.0,18.1,0,0.74,5.854,96.6,1.8956,24,666.0,20.2,5.058663263106837,3.210440346047099,10.8
2.457175676049689,0.0,18.1,0,0.74,6.459,94.8,1.9879,24,666.0,20.2,5.8716669836523865,3.2180755046974316,11.8
1.9862387647413884,0.0,18.1,0,0.74,6.341,96.4,2.072,24,666.0,20.2,4.38065068849395,2.933324813425374,14.9
2.39104001091028,0.0,18.1,0,0.74,6.251,96.6,2.198,24,666.0,20.2,2.2385797630181328,2.8587664184808337,12.6
2.3349641863179325,0.0,18.1,0,0.713,6.185,98.7,2.2616,24,666.0,20.2,0.0,2.9512577834521614,14.1
2.143121491225277,0.0,18.1,0,0.713,6.417,98.3,2.185,24,666.0,20.2,4.539991459963097,3.011113375592293,13.0
2.0435189836286223,0.0,18.1,0,0.713,6.749,92.6,2.3236,24,666.0,20.2,5.985396171706375,2.914522218128448,13.4
1.862705543083853,0.0,18.1,0,0.713,6.655,98.2,2.3552,24,666.0,20.2,3.7520889675118196,2.930126516455997,15.2
1.8066759959463214,0.0,18.1,0,0.713,6.297,91.8,2.3682,24,666.0,20.2,2.550226115908643,2.9052603703899154,16.1
2.224417043716578,0.0,18.1,0,0.713,7.393,99.3,2.4527,24,666.0,20.2,3.0924051608142507,2.8758219768814333,17.8
2.3526725106043593,0.0,18.1,0,0.713,6.728,94.1,2.4961,24,666.0,20.2,5.9692700615982135,2.9811261211646287,14.9
1.749611943801969,0.0,18.1,0,0.713,6.525,86.5,2.4358,24,666.0,20.2,5.849267141398181,2.9512577834521614,14.1
1.7349827472403847,0.0,18.1,0,0.713,5.976,87.9,2.5806,24,666.0,20.2,5.95950937586643,2.996232148595642,12.7
2.219266525546099,0.0,18.1,0,0.713,5.936,80.3,2.7792,24,666.0,20.2,5.97736562272848,2.88703285663065,13.5
2.1693085250418154,0.0,18.1,0,0.713,6.301,83.7,2.7831,24,666.0,20.2,4.8338185579367465,2.8466520505398383,14.9
2.0542737224466707,0.0,18.1,0,0.713,6.081,84.4,2.7175,24,666.0,20.2,0.0,2.7536607123542622,20.0
1.7599471129733726,0.0,18.1,0,0.713,6.701,90.0,2.5975,24,666.0,20.2,4.960534271126723,2.857618971424357,16.4
1.546095475702301,0.0,18.1,0,0.713,6.376,88.4,2.5671,24,666.0,20.2,1.8671761085128047,2.750470916986162,17.7
2.035348578369212,0.0,18.1,0,0.713,6.317,83.0,2.7344,24,666.0,20.2,0.0,2.7073833121145063,19.5
1.9200280793412094,0.0,18.1,0,0.713,6.513,89.9,2.8016,24,666.0,20.2,1.4060969884160663,2.4239173781615704,20.2
2.1792099506138976,0.0,18.1,0,0.655,6.209,65.4,2.9634,24,666.0,20.2,0.0,2.6546494243750947,21.4
1.4263800846591763,0.0,18.1,0,0.655,5.759,48.2,3.0665,24,666.0,20.2,4.151039905898646,2.7166795278002644,19.9
1.5633897854422463,0.0,18.1,0,0.655,5.952,84.7,2.8715,24,666.0,20.2,5.929296547396372,2.8986705607108596,19.0
1.690516391203815,0.0,18.1,0,0.584,6.003,94.5,2.5403,24,666.0,20.2,4.198854716425087,3.1054831375131102,19.1
2.807937767457695,0.0,18.1,0,0.58,5.926,71.0,2.9084,24,666.0,20.2,3.3727979071404564,2.9512577834521614,19.1
2.6444072787962525,0.0,18.1,0,0.58,5.713,56.7,2.8237,24,666.0,20.2,0.0,2.757475084429733,20.1
1.6768703671037264,0.0,18.1,0,0.58,6.167,84.0,3.0334,24,666.0,20.2,0.0,2.850128299695199,19.9
1.6170905561197193,0.0,18.1,0,0.532,6.229,90.7,3.0993,24,666.0,20.2,0.9439058989071257,2.6297282343267403,19.6
1.5192243229211484,0.0,18.1,0,0.58,6.437,75.0,2.8965,24,666.0,20.2,1.5107219394949367,2.731766727719526,23.2
1.7311049511313974,0.0,18.1,0,0.614,6.98,67.6,2.5329,24,666.0,20.2,3.145013976269744,2.5384474167160302,29.8
2.203404332146021,0.0,18.1,0,0.584,5.427,95.4,2.4298,24,666.0,20.2,3.8137484361598055,2.9517803860248084,13.8
2.000549838013637,0.0,18.1,0,0.584,6.162,97.4,2.206,24,666.0,20.2,4.555349491004136,3.2228678461377385,13.3
1.7700948094248417,0.0,18.1,0,0.614,6.484,93.6,2.3053,24,666.0,20.2,0.5247285289349808,2.9796028916241073,16.7
2.774050153828231,0.0,18.1,0,0.614,5.304,97.3,2.1007,24,666.0,20.2,3.879912951509912,3.2546289945740186,12.0
2.418855874659432,0.0,18.1,0,0.614,6.185,96.7,2.1705,24,666.0,20.2,2.9014215940827492,2.946016681308058,14.6
2.730053020578551,0.0,18.1,0,0.614,6.229,88.0,1.9512,24,666.0,20.2,2.679650726580511,2.6468837658647226,21.4
1.9204472756044826,0.0,18.1,0,0.532,6.242,64.7,3.4242,24,666.0,20.2,0.0,2.4630018143999504,23.0
1.9033276772324317,0.0,18.1,0,0.532,6.75,74.9,3.3317,24,666.0,20.2,1.574846467664478,2.167910189667444,23.7
1.9067474913596385,0.0,18.1,0,0.532,7.061,77.0,3.4106,24,666.0,20.2,0.9631743177730072,2.080690761080268,25.0
1.3398262488998969,0.0,18.1,0,0.532,5.762,40.3,4.0983,24,666.0,20.2,1.6054298910365539,2.435366204227864,21.8
1.2174525430495582,0.0,18.1,0,0.583,5.871,41.9,3.724,24,666.0,20.2,3.302113423438255,2.663052835171474,20.6
1.5419446302865207,0.0,18.1,0,0.583,6.312,51.9,3.9917,24,666.0,20.2,2.227861546798106,2.449279472144849,21.2
1.9008754243872985,0.0,18.1,0,0.583,6.114,79.8,3.5459,24,666.0,20.2,1.6524974018945418,2.7713379403381286,19.1
1.763989083482614,0.0,18.1,0,0.583,5.905,53.2,3.1523,24,666.0,20.2,2.2700619012884804,2.5217206229107165,20.6
0.14050948897951462,0.0,27.74,0,0.609,5.454,92.7,1.8209,4,711.0,20.1,1.0331844833456552,2.947591898226056,15.2
0.16836630025465413,0.0,27.74,0,0.609,5.414,98.3,1.7554,4,711.0,20.1,3.986202403602397,3.217675104291682,7.0
0.18851897970190706,0.0,27.74,0,0.609,5.093,98.0,1.8226,4,711.0,20.1,4.375379591952088,3.4236109764990554,8.1
0.10051479408986369,0.0,27.74,0,0.609,5.983,98.8,1.8681,4,711.0,20.1,2.0528408598826524,2.9481164196123277,13.6
0.10554849798804089,0.0,27.74,0,0.609,5.983,83.5,2.1099,4,711.0,20.1,0.0,2.66374994220563,20.1
0.1598288143805233,0.0,9.69,0,0.585,5.707,54.0,2.3817,6,391.0,19.2,0.0,2.565718292524414,21.8
0.24652408399188336,0.0,9.69,0,0.585,5.926,42.6,2.3817,6,391.0,19.2,0.0,2.6803363625346943,24.5
0.16465813975505655,0.0,9.69,0,0.585,5.67,28.8,2.7986,6,391.0,19.2,1.5282278570085477,2.9231615807191558,23.1
0.2543320927702268,0.0,9.69,0,0.585,5.39,72.9,2.7986,6,391.0,19.2,0.0,3.0973859272804907,19.7
0.23774049566117803,0.0,9.69,0,0.585,5.794,70.6,2.8927,6,391.0,19.2,0.0,2.714694743820879,18.3
0.21440145025736632,0.0,9.69,0,0.585,6.019,65.3,2.4091,6,391.0,19.2,0.0,2.6333266549062735,21.2
0.16367376242147158,0.0,9.69,0,0.585,5.569,73.5,2.3999,6,391.0,19.2,0.7561219797213317,2.7788192719904172,17.5
0.2024345934245115,0.0,9.69,0,0.585,6.027,79.7,2.4982,6,391.0,19.2,0.0,2.7298116928837226,16.8
0.06074696727310071,0.0,11.93,0,0.573,6.593,69.1,2.4786,1,273.0,21.0,1.7766458314180014,2.367436065313662,22.4
0.0442752252499075,0.0,11.93,0,0.573,6.12,76.7,2.2875,1,273.0,21.0,0.0,2.3105532626432224,20.6
0.058985632347870916,0.0,11.93,0,0.573,6.976,91.0,2.1675,1,273.0,21.0,0.0,1.8931119634883424,23.9
0.10399057772120508,0.0,11.93,0,0.573,6.794,89.3,2.3889,1,273.0,21.0,1.4929040961781463,2.012232791986386,22.0
0.04632045026850427,0.0,11.93,0,0.573,6.03,80.8,2.505,1,273.0,21.0,0.0,2.1838015570040787,11.9
